<?xml version="1.0" encoding="utf-8" ?>
<Defs>

  <!-- ===================== Crisis of Confidence =========================== -->

  <MentalBreakDef>
    <defName>CrisisofConfidence</defName>
    <workerClass>Politics.MentalBreakWorker_ChangePolitics</workerClass>
    <mentalState>ConfidenceCrisis</mentalState>
    <baseCommonality>0.5</baseCommonality>
    <intensity>Minor</intensity>
  </MentalBreakDef>	

  <MentalStateDef ParentName="BaseMentalState">
    <defName>ConfidenceCrisis</defName>
    <stateClass>MentalState_WanderSad</stateClass>
    <label>crisis of confidence</label>
    <category>Misc</category>
    <minTicksBeforeRecovery>30000</minTicksBeforeRecovery>
    <recoveryMtbDays>0.3</recoveryMtbDays>
    <maxTicksBeforeRecovery>60000</maxTicksBeforeRecovery>
    <recoverFromSleep>true</recoverFromSleep>
    <moodRecoveryThought>Catharsis</moodRecoveryThought>
    <blockNormalThoughts>true</blockNormalThoughts>
    <nameColor>(0.65, 0.9, 0.93)</nameColor>
    <recoveryMessage>{0} is no longer wandering.</recoveryMessage>
    <beginLetterLabel>crisis of confidence</beginLetterLabel>
    <beginLetter>{0} has broken down and is wandering around struggling with a crisis of confidence in [PAWN_possessive] political opinion.  [PAWN_pronoun] may have had a change of heart.</beginLetter>
    <beginLetterDef>NegativeEvent</beginLetterDef>
    <baseInspectLine>Mental state: confidence crisis</baseInspectLine>
    <allowBeatfire>true</allowBeatfire>
    <unspawnedCanDo>true</unspawnedCanDo>
    <escapingPrisonersIgnore>true</escapingPrisonersIgnore>
  </MentalStateDef>

   <!-- =============================== Despot =============================== -->

  <MentalBreakDef>
    <defName>EnnuiDespot</defName>
    <mentalState>Wander_Sad</mentalState>
    <baseCommonality>1</baseCommonality>
    <intensity>Extreme</intensity>
	<requiredTrait>PoliticsDespot</requiredTrait>
  </MentalBreakDef>
 <MentalStateDef ParentName="BaseMentalState">
    <defName>EnnuiDespot</defName>
    <stateClass>MentalState_WanderSad</stateClass>
    <label>ennui</label>
    <category>Misc</category>
    <minTicksBeforeRecovery>30000</minTicksBeforeRecovery>
    <recoveryMtbDays>0.3</recoveryMtbDays>
    <maxTicksBeforeRecovery>60000</maxTicksBeforeRecovery>
    <recoverFromSleep>true</recoverFromSleep>
    <moodRecoveryThought>Catharsis</moodRecoveryThought>
    <blockNormalThoughts>true</blockNormalThoughts>
    <nameColor>(0.65, 0.9, 0.93)</nameColor>
    <recoveryMessage>{0} is no longer wandering.</recoveryMessage>
    <beginLetterLabel>delusions of grandeur</beginLetterLabel>
    <beginLetter>{0} has broken down and is wandering around struggling with unfulfilled dreams of world domination.</beginLetter>
    <beginLetterDef>NegativeEvent</beginLetterDef>
    <baseInspectLine>Mental state: Ennui</baseInspectLine>
    <allowBeatfire>true</allowBeatfire>
    <unspawnedCanDo>true</unspawnedCanDo>
    <escapingPrisonersIgnore>true</escapingPrisonersIgnore>
  </MentalStateDef>

  <MentalBreakDef>
    <defName>CoupdetatDespot</defName>
    <mentalState>Berserk</mentalState>
    <baseCommonality>1</baseCommonality>
    <intensity>Extreme</intensity>
    <requiredTrait>PoliticsDespot</requiredTrait>
  </MentalBreakDef>
  <MentalStateDef ParentName="BaseMentalState">
    <defName>CoupdetatDespot</defName>
    <stateClass>MentalState_Berserk</stateClass>
    <label>coup d'etat</label>
    <category>Aggro</category>
    <moodRecoveryThought>Catharsis</moodRecoveryThought>
    <blockNormalThoughts>true</blockNormalThoughts>
    <nameColor>(0.9,0.2,0.5)</nameColor>
    <beginLetter>{0} is trying to instigate a coup.\n\n[PAWN_pronoun] will attack anyone [PAWN_pronoun] sees as an obstacle to [PAWN_possessive] rule.</beginLetter>
    <beginLetterDef>ThreatSmall</beginLetterDef>
    <minTicksBeforeRecovery>10000</minTicksBeforeRecovery>
    <recoveryMtbDays>0.3</recoveryMtbDays>
    <maxTicksBeforeRecovery>60000</maxTicksBeforeRecovery>
    <recoveryMessage>{0}'s coup d'etat has come to an end.</recoveryMessage>
    <baseInspectLine>Mental state: Coup</baseInspectLine>
    <stateEffecter>Berserk</stateEffecter>
    <tale>MentalStateBerserk</tale>
    <recoverFromSleep>true</recoverFromSleep>
    <unspawnedCanDo>true</unspawnedCanDo>
  </MentalStateDef>  
  
  <MentalBreakDef>
    <defName>RevolutionDespot</defName>
    <mentalState>FireStartingSpree</mentalState>
    <baseCommonality>1</baseCommonality>
    <intensity>Extreme</intensity>
    <requiredTrait>PoliticsDespot</requiredTrait>
  </MentalBreakDef>
  <MentalStateDef ParentName="BaseMentalState">
    <defName>RevolutionDespot</defName>
    <stateClass>MentalState_FireStartingSpree</stateClass>
    <label>revolution</label>
    <category>Malicious</category>
    <prisonersCanDo>false</prisonersCanDo>
    <colonistsOnly>true</colonistsOnly>
    <minTicksBeforeRecovery>5000</minTicksBeforeRecovery>
    <recoveryMtbDays>0.1</recoveryMtbDays>
    <maxTicksBeforeRecovery>8000</maxTicksBeforeRecovery>
    <nameColor>(0.5, 0.9, 0.5)</nameColor>
    <beginLetter>{0} is attempting to start a revolution.\n\n[PAWN_pronoun] will randomly start fires hoping to incur rebellion.</beginLetter>
    <beginLetterDef>ThreatSmall</beginLetterDef>
    <moodRecoveryThought>Catharsis</moodRecoveryThought>
    <recoveryMessage>{0} is no longer attempting to overthrow the colony.</recoveryMessage>
    <baseInspectLine>Mental state: Revolt</baseInspectLine>
    <recoverFromSleep>true</recoverFromSleep>
    <unspawnedCanDo>true</unspawnedCanDo>
  </MentalStateDef>  

   <!-- =============================== Fascist =============================== -->

  <MentalBreakDef>
    <defName>EnnuiFascist</defName>
    <mentalState>Wander_Sad</mentalState>
    <baseCommonality>1</baseCommonality>
    <intensity>Extreme</intensity>
	<requiredTrait>PoliticsFascist</requiredTrait>
  </MentalBreakDef>
 <MentalStateDef ParentName="BaseMentalState">
    <defName>EnnuiFascist</defName>
    <stateClass>MentalState_WanderSad</stateClass>
    <label>ennui</label>
    <category>Misc</category>
    <minTicksBeforeRecovery>30000</minTicksBeforeRecovery>
    <recoveryMtbDays>0.3</recoveryMtbDays>
    <maxTicksBeforeRecovery>60000</maxTicksBeforeRecovery>
    <recoverFromSleep>true</recoverFromSleep>
    <moodRecoveryThought>Catharsis</moodRecoveryThought>
    <blockNormalThoughts>true</blockNormalThoughts>
    <nameColor>(0.65, 0.9, 0.93)</nameColor>
    <recoveryMessage>{0} is no longer wandering.</recoveryMessage>
    <beginLetterLabel>delusions of grandeur</beginLetterLabel>
    <beginLetter>{0} has broken down and is wandering around struggling with unfulfilled dreams of goose stepping colonists.</beginLetter>
    <beginLetterDef>NegativeEvent</beginLetterDef>
    <baseInspectLine>Mental state: Ennui</baseInspectLine>
    <allowBeatfire>true</allowBeatfire>
    <unspawnedCanDo>true</unspawnedCanDo>
    <escapingPrisonersIgnore>true</escapingPrisonersIgnore>
  </MentalStateDef>

  <MentalBreakDef>
    <defName>CoupdetatFascist</defName>
    <mentalState>Berserk</mentalState>
    <baseCommonality>1</baseCommonality>
    <intensity>Extreme</intensity>
    <requiredTrait>PoliticsFascist</requiredTrait>
  </MentalBreakDef>
  <MentalStateDef ParentName="BaseMentalState">
    <defName>CoupdetatFascist</defName>
    <stateClass>MentalState_Berserk</stateClass>
    <label>coup d'etat</label>
    <category>Aggro</category>
    <moodRecoveryThought>Catharsis</moodRecoveryThought>
    <blockNormalThoughts>true</blockNormalThoughts>
    <nameColor>(0.9,0.2,0.5)</nameColor>
    <beginLetter>{0} is trying to instigate a coup.\n\n[PAWN_pronoun] will attack anyone [PAWN_pronoun] sees as an obstacle to fascist rule.</beginLetter>
    <beginLetterDef>ThreatSmall</beginLetterDef>
    <minTicksBeforeRecovery>10000</minTicksBeforeRecovery>
    <recoveryMtbDays>0.3</recoveryMtbDays>
    <maxTicksBeforeRecovery>60000</maxTicksBeforeRecovery>
    <recoveryMessage>{0}'s coup d'etat has come to an end.</recoveryMessage>
    <baseInspectLine>Mental state: Coup</baseInspectLine>
    <stateEffecter>Berserk</stateEffecter>
    <tale>MentalStateBerserk</tale>
    <recoverFromSleep>true</recoverFromSleep>
    <unspawnedCanDo>true</unspawnedCanDo>
  </MentalStateDef>  
  
  <MentalBreakDef>
    <defName>RevolutionFascist</defName>
    <mentalState>FireStartingSpree</mentalState>
    <baseCommonality>1</baseCommonality>
    <intensity>Extreme</intensity>
    <requiredTrait>PoliticsFascist</requiredTrait>
  </MentalBreakDef>
  <MentalStateDef ParentName="BaseMentalState">
    <defName>RevolutionFascist</defName>
    <stateClass>MentalState_FireStartingSpree</stateClass>
    <label>revolution</label>
    <category>Malicious</category>
    <prisonersCanDo>false</prisonersCanDo>
    <colonistsOnly>true</colonistsOnly>
    <minTicksBeforeRecovery>5000</minTicksBeforeRecovery>
    <recoveryMtbDays>0.1</recoveryMtbDays>
    <maxTicksBeforeRecovery>8000</maxTicksBeforeRecovery>
    <nameColor>(0.5, 0.9, 0.5)</nameColor>
    <beginLetter>{0} is attempting to start a revolution.\n\n[PAWN_pronoun] will randomly start fires to pin on communists.</beginLetter>
    <beginLetterDef>ThreatSmall</beginLetterDef>
    <moodRecoveryThought>Catharsis</moodRecoveryThought>
    <recoveryMessage>{0} is no longer attempting to overthrow the colony.</recoveryMessage>
    <baseInspectLine>Mental state: Revolt</baseInspectLine>
    <recoverFromSleep>true</recoverFromSleep>
    <unspawnedCanDo>true</unspawnedCanDo>
  </MentalStateDef>  

    <!-- =============================== Communist =============================== -->

  <MentalBreakDef>
    <defName>EnnuiCommunist</defName>
    <mentalState>Wander_Sad</mentalState>
    <baseCommonality>1</baseCommonality>
    <intensity>Extreme</intensity>
	<requiredTrait>PoliticsCommunist</requiredTrait>
  </MentalBreakDef>
 <MentalStateDef ParentName="BaseMentalState">
    <defName>EnnuiCommunist</defName>
    <stateClass>MentalState_WanderSad</stateClass>
    <label>ennui</label>
    <category>Misc</category>
    <minTicksBeforeRecovery>30000</minTicksBeforeRecovery>
    <recoveryMtbDays>0.3</recoveryMtbDays>
    <maxTicksBeforeRecovery>60000</maxTicksBeforeRecovery>
    <recoverFromSleep>true</recoverFromSleep>
    <moodRecoveryThought>Catharsis</moodRecoveryThought>
    <blockNormalThoughts>true</blockNormalThoughts>
    <nameColor>(0.65, 0.9, 0.93)</nameColor>
    <recoveryMessage>{0} is no longer wandering.</recoveryMessage>
    <beginLetterLabel>delusions of grandeur</beginLetterLabel>
    <beginLetter>{0} has broken down and is wandering around struggling with unfulfilled dreams of slaughtered bourgeoisie.</beginLetter>
    <beginLetterDef>NegativeEvent</beginLetterDef>
    <baseInspectLine>Mental state: Ennui</baseInspectLine>
    <allowBeatfire>true</allowBeatfire>
    <unspawnedCanDo>true</unspawnedCanDo>
    <escapingPrisonersIgnore>true</escapingPrisonersIgnore>
  </MentalStateDef>

  <MentalBreakDef>
    <defName>CoupdetatCommmunist</defName>
    <mentalState>Berserk</mentalState>
    <baseCommonality>1</baseCommonality>
    <intensity>Extreme</intensity>
    <requiredTrait>PoliticsCommunist</requiredTrait>
  </MentalBreakDef>
  <MentalStateDef ParentName="BaseMentalState">
    <defName>CoupdetatCommunist</defName>
    <stateClass>MentalState_Berserk</stateClass>
    <label>coup d'etat</label>
    <category>Aggro</category>
    <moodRecoveryThought>Catharsis</moodRecoveryThought>
    <blockNormalThoughts>true</blockNormalThoughts>
    <nameColor>(0.9,0.2,0.5)</nameColor>
    <beginLetter>{0} is trying to instigate a coup.\n\n[PAWN_pronoun] will attack anyone [PAWN_pronoun] sees as an obstacle to communist rule.</beginLetter>
    <beginLetterDef>ThreatSmall</beginLetterDef>
    <minTicksBeforeRecovery>10000</minTicksBeforeRecovery>
    <recoveryMtbDays>0.3</recoveryMtbDays>
    <maxTicksBeforeRecovery>60000</maxTicksBeforeRecovery>
    <recoveryMessage>{0}'s coup d'etat has come to an end.</recoveryMessage>
    <baseInspectLine>Mental state: Coup</baseInspectLine>
    <stateEffecter>Berserk</stateEffecter>
    <tale>MentalStateBerserk</tale>
    <recoverFromSleep>true</recoverFromSleep>
    <unspawnedCanDo>true</unspawnedCanDo>
  </MentalStateDef>  
  
  <MentalBreakDef>
    <defName>RevolutionCommunist</defName>
    <mentalState>FireStartingSpree</mentalState>
    <baseCommonality>1</baseCommonality>
    <intensity>Extreme</intensity>
    <requiredTrait>PoliticsCommunist</requiredTrait>
  </MentalBreakDef>
  <MentalStateDef ParentName="BaseMentalState">
    <defName>RevolutionCommunist</defName>
    <stateClass>MentalState_FireStartingSpree</stateClass>
    <label>revolution</label>
    <category>Malicious</category>
    <prisonersCanDo>false</prisonersCanDo>
    <colonistsOnly>true</colonistsOnly>
    <minTicksBeforeRecovery>5000</minTicksBeforeRecovery>
    <recoveryMtbDays>0.1</recoveryMtbDays>
    <maxTicksBeforeRecovery>8000</maxTicksBeforeRecovery>
    <nameColor>(0.5, 0.9, 0.5)</nameColor>
    <beginLetter>{0} is attempting to start a revolution.\n\n[PAWN_pronoun] will randomly start fires to fight fascism.</beginLetter>
    <beginLetterDef>ThreatSmall</beginLetterDef>
    <moodRecoveryThought>Catharsis</moodRecoveryThought>
    <recoveryMessage>{0} is no longer attempting to overthrow the colony.</recoveryMessage>
    <baseInspectLine>Mental state: Revolt</baseInspectLine>
    <recoverFromSleep>true</recoverFromSleep>
    <unspawnedCanDo>true</unspawnedCanDo>
  </MentalStateDef>  

    <!-- =============================== Socialist =============================== -->

  <MentalBreakDef>
    <defName>EnnuiSocialist</defName>
    <mentalState>Wander_Sad</mentalState>
    <baseCommonality>1</baseCommonality>
    <intensity>Extreme</intensity>
	<requiredTrait>PoliticsSocialist</requiredTrait>
  </MentalBreakDef>
 <MentalStateDef ParentName="BaseMentalState">
    <defName>EnnuiSocialist</defName>
    <stateClass>MentalState_WanderSad</stateClass>
    <label>ennui</label>
    <category>Misc</category>
    <minTicksBeforeRecovery>30000</minTicksBeforeRecovery>
    <recoveryMtbDays>0.3</recoveryMtbDays>
    <maxTicksBeforeRecovery>60000</maxTicksBeforeRecovery>
    <recoverFromSleep>true</recoverFromSleep>
    <moodRecoveryThought>Catharsis</moodRecoveryThought>
    <blockNormalThoughts>true</blockNormalThoughts>
    <nameColor>(0.65, 0.9, 0.93)</nameColor>
    <recoveryMessage>{0} is no longer wandering.</recoveryMessage>
    <beginLetterLabel>delusions of grandeur</beginLetterLabel>
    <beginLetter>{0} has broken down and is wandering around struggling with unfulfilled dreams of sharing other people's wealth.</beginLetter>
    <beginLetterDef>NegativeEvent</beginLetterDef>
    <baseInspectLine>Mental state: Ennui</baseInspectLine>
    <allowBeatfire>true</allowBeatfire>
    <unspawnedCanDo>true</unspawnedCanDo>
    <escapingPrisonersIgnore>true</escapingPrisonersIgnore>
  </MentalStateDef>

  <MentalBreakDef>
    <defName>CoupdetatSocialist</defName>
    <mentalState>Berserk</mentalState>
    <baseCommonality>1</baseCommonality>
    <intensity>Extreme</intensity>
    <requiredTrait>PoliticsSocialist</requiredTrait>
  </MentalBreakDef>
  <MentalStateDef ParentName="BaseMentalState">
    <defName>CoupdetatSocialist</defName>
    <stateClass>MentalState_Berserk</stateClass>
    <label>coup d'etat</label>
    <category>Aggro</category>
    <moodRecoveryThought>Catharsis</moodRecoveryThought>
    <blockNormalThoughts>true</blockNormalThoughts>
    <nameColor>(0.9,0.2,0.5)</nameColor>
    <beginLetter>{0} is trying to instigate a coup.\n\n[PAWN_pronoun] will attack anyone [PAWN_pronoun] sees as an obstacle to socialist rule.</beginLetter>
    <beginLetterDef>ThreatSmall</beginLetterDef>
    <minTicksBeforeRecovery>10000</minTicksBeforeRecovery>
    <recoveryMtbDays>0.3</recoveryMtbDays>
    <maxTicksBeforeRecovery>60000</maxTicksBeforeRecovery>
    <recoveryMessage>{0}'s coup d'etat has come to an end.</recoveryMessage>
    <baseInspectLine>Mental state: Coup</baseInspectLine>
    <stateEffecter>Berserk</stateEffecter>
    <tale>MentalStateBerserk</tale>
    <recoverFromSleep>true</recoverFromSleep>
    <unspawnedCanDo>true</unspawnedCanDo>
  </MentalStateDef>  
  
  <MentalBreakDef>
    <defName>RevolutionSocialist</defName>
    <mentalState>FireStartingSpree</mentalState>
    <baseCommonality>1</baseCommonality>
    <intensity>Extreme</intensity>
    <requiredTrait>PoliticsSocialist</requiredTrait>
  </MentalBreakDef>
  <MentalStateDef ParentName="BaseMentalState">
    <defName>RevolutionSocialist</defName>
    <stateClass>MentalState_FireStartingSpree</stateClass>
    <label>revolution</label>
    <category>Malicious</category>
    <prisonersCanDo>false</prisonersCanDo>
    <colonistsOnly>true</colonistsOnly>
    <minTicksBeforeRecovery>5000</minTicksBeforeRecovery>
    <recoveryMtbDays>0.1</recoveryMtbDays>
    <maxTicksBeforeRecovery>8000</maxTicksBeforeRecovery>
    <nameColor>(0.5, 0.9, 0.5)</nameColor>
    <beginLetter>{0} is attempting to start a revolution.\n\n[PAWN_pronoun] will randomly start fires to demonstrate the fallacy of private property.</beginLetter>
    <beginLetterDef>ThreatSmall</beginLetterDef>
    <moodRecoveryThought>Catharsis</moodRecoveryThought>
    <recoveryMessage>{0} is no longer attempting to overthrow the colony.</recoveryMessage>
    <baseInspectLine>Mental state: Revolt</baseInspectLine>
    <recoverFromSleep>true</recoverFromSleep>
    <unspawnedCanDo>true</unspawnedCanDo>
  </MentalStateDef>  
    
    <!-- =============================== Theocrat =============================== -->

  <MentalBreakDef>
    <defName>EnnuiTheocrat</defName>
    <mentalState>Wander_Sad</mentalState>
    <baseCommonality>1</baseCommonality>
    <intensity>Extreme</intensity>
	<requiredTrait>PoliticsTheocrat</requiredTrait>
  </MentalBreakDef>
 <MentalStateDef ParentName="BaseMentalState">
    <defName>EnnuiTheocrat</defName>
    <stateClass>MentalState_WanderSad</stateClass>
    <label>ennui</label>
    <category>Misc</category>
    <minTicksBeforeRecovery>30000</minTicksBeforeRecovery>
    <recoveryMtbDays>0.3</recoveryMtbDays>
    <maxTicksBeforeRecovery>60000</maxTicksBeforeRecovery>
    <recoverFromSleep>true</recoverFromSleep>
    <moodRecoveryThought>Catharsis</moodRecoveryThought>
    <blockNormalThoughts>true</blockNormalThoughts>
    <nameColor>(0.65, 0.9, 0.93)</nameColor>
    <recoveryMessage>{0} is no longer wandering.</recoveryMessage>
    <beginLetterLabel>delusions of grandeur</beginLetterLabel>
    <beginLetter>{0} has broken down and is wandering around struggling with unfulfilled dreams of a ruling religious authority.</beginLetter>
    <beginLetterDef>NegativeEvent</beginLetterDef>
    <baseInspectLine>Mental state: Ennui</baseInspectLine>
    <allowBeatfire>true</allowBeatfire>
    <unspawnedCanDo>true</unspawnedCanDo>
    <escapingPrisonersIgnore>true</escapingPrisonersIgnore>
  </MentalStateDef>

  <MentalBreakDef>
    <defName>CoupdetatTheocrat</defName>
    <mentalState>Berserk</mentalState>
    <baseCommonality>1</baseCommonality>
    <intensity>Extreme</intensity>
    <requiredTrait>PoliticsTheocrat</requiredTrait>
  </MentalBreakDef>
  <MentalStateDef ParentName="BaseMentalState">
    <defName>CoupdetatTheocrat</defName>
    <stateClass>MentalState_Berserk</stateClass>
    <label>coup d'etat</label>
    <category>Aggro</category>
    <moodRecoveryThought>Catharsis</moodRecoveryThought>
    <blockNormalThoughts>true</blockNormalThoughts>
    <nameColor>(0.9,0.2,0.5)</nameColor>
    <beginLetter>{0} is trying to instigate a coup.\n\n[PAWN_pronoun] will attack anyone [PAWN_pronoun] sees as an obstacle to religious rule.</beginLetter>
    <beginLetterDef>ThreatSmall</beginLetterDef>
    <minTicksBeforeRecovery>10000</minTicksBeforeRecovery>
    <recoveryMtbDays>0.3</recoveryMtbDays>
    <maxTicksBeforeRecovery>60000</maxTicksBeforeRecovery>
    <recoveryMessage>{0}'s coup d'etat has come to an end.</recoveryMessage>
    <baseInspectLine>Mental state: Coup</baseInspectLine>
    <stateEffecter>Berserk</stateEffecter>
    <tale>MentalStateBerserk</tale>
    <recoverFromSleep>true</recoverFromSleep>
    <unspawnedCanDo>true</unspawnedCanDo>
  </MentalStateDef>  
  
  <MentalBreakDef>
    <defName>RevolutionTheocrat</defName>
    <mentalState>FireStartingSpree</mentalState>
    <baseCommonality>1</baseCommonality>
    <intensity>Extreme</intensity>
    <requiredTrait>PoliticsTheocrat</requiredTrait>
  </MentalBreakDef>
  <MentalStateDef ParentName="BaseMentalState">
    <defName>RevolutionTheocrat</defName>
    <stateClass>MentalState_FireStartingSpree</stateClass>
    <label>revolution</label>
    <category>Malicious</category>
    <prisonersCanDo>false</prisonersCanDo>
    <colonistsOnly>true</colonistsOnly>
    <minTicksBeforeRecovery>5000</minTicksBeforeRecovery>
    <recoveryMtbDays>0.1</recoveryMtbDays>
    <maxTicksBeforeRecovery>8000</maxTicksBeforeRecovery>
    <nameColor>(0.5, 0.9, 0.5)</nameColor>
    <beginLetter>{0} is attempting to start a revolution.\n\n[PAWN_pronoun] will randomly start fires to cleanse the sins of the secular and irreligious.</beginLetter>
    <beginLetterDef>ThreatSmall</beginLetterDef>
    <moodRecoveryThought>Catharsis</moodRecoveryThought>
    <recoveryMessage>{0} is no longer attempting to overthrow the colony.</recoveryMessage>
    <baseInspectLine>Mental state: Revolt</baseInspectLine>
    <recoverFromSleep>true</recoverFromSleep>
    <unspawnedCanDo>true</unspawnedCanDo>
  </MentalStateDef>  

    <!-- =============================== Monarchist =============================== -->

  <MentalBreakDef>
    <defName>EnnuiMonarchist</defName>
    <mentalState>Wander_Sad</mentalState>
    <baseCommonality>1</baseCommonality>
    <intensity>Extreme</intensity>
	<requiredTrait>PoliticsMonarchist</requiredTrait>
  </MentalBreakDef>
 <MentalStateDef ParentName="BaseMentalState">
    <defName>EnnuiMonarchist</defName>
    <stateClass>MentalState_WanderSad</stateClass>
    <label>ennui</label>
    <category>Misc</category>
    <minTicksBeforeRecovery>30000</minTicksBeforeRecovery>
    <recoveryMtbDays>0.3</recoveryMtbDays>
    <maxTicksBeforeRecovery>60000</maxTicksBeforeRecovery>
    <recoverFromSleep>true</recoverFromSleep>
    <moodRecoveryThought>Catharsis</moodRecoveryThought>
    <blockNormalThoughts>true</blockNormalThoughts>
    <nameColor>(0.65, 0.9, 0.93)</nameColor>
    <recoveryMessage>{0} is no longer wandering.</recoveryMessage>
    <beginLetterLabel>delusions of grandeur</beginLetterLabel>
    <beginLetter>{0} has broken down and is wandering around struggling with unfulfilled dreams of a monarch imbued with the power to rule by divine right.</beginLetter>
    <beginLetterDef>NegativeEvent</beginLetterDef>
    <baseInspectLine>Mental state: Ennui</baseInspectLine>
    <allowBeatfire>true</allowBeatfire>
    <unspawnedCanDo>true</unspawnedCanDo>
    <escapingPrisonersIgnore>true</escapingPrisonersIgnore>
  </MentalStateDef>

  <MentalBreakDef>
    <defName>CoupdetatMonarchist</defName>
    <mentalState>Berserk</mentalState>
    <baseCommonality>1</baseCommonality>
    <intensity>Extreme</intensity>
    <requiredTrait>PoliticsMonarchist</requiredTrait>
  </MentalBreakDef>
  <MentalStateDef ParentName="BaseMentalState">
    <defName>CoupdetatMonarchist</defName>
    <stateClass>MentalState_Berserk</stateClass>
    <label>coup d'etat</label>
    <category>Aggro</category>
    <moodRecoveryThought>Catharsis</moodRecoveryThought>
    <blockNormalThoughts>true</blockNormalThoughts>
    <nameColor>(0.9,0.2,0.5)</nameColor>
    <beginLetter>{0} is trying to instigate a coup.\n\n[PAWN_pronoun] will attack anyone [PAWN_pronoun] sees as an obstacle to the crown.</beginLetter>
    <beginLetterDef>ThreatSmall</beginLetterDef>
    <minTicksBeforeRecovery>10000</minTicksBeforeRecovery>
    <recoveryMtbDays>0.3</recoveryMtbDays>
    <maxTicksBeforeRecovery>60000</maxTicksBeforeRecovery>
    <recoveryMessage>{0}'s coup d'etat has come to an end.</recoveryMessage>
    <baseInspectLine>Mental state: Coup</baseInspectLine>
    <stateEffecter>Berserk</stateEffecter>
    <tale>MentalStateBerserk</tale>
    <recoverFromSleep>true</recoverFromSleep>
    <unspawnedCanDo>true</unspawnedCanDo>
  </MentalStateDef>  
  
  <MentalBreakDef>
    <defName>RevolutionMonarchist</defName>
    <mentalState>FireStartingSpree</mentalState>
    <baseCommonality>1</baseCommonality>
    <intensity>Extreme</intensity>
    <requiredTrait>PoliticsMonarchist</requiredTrait>
  </MentalBreakDef>
  <MentalStateDef ParentName="BaseMentalState">
    <defName>RevolutionMonarchist</defName>
    <stateClass>MentalState_FireStartingSpree</stateClass>
    <label>revolution</label>
    <category>Malicious</category>
    <prisonersCanDo>false</prisonersCanDo>
    <colonistsOnly>true</colonistsOnly>
    <minTicksBeforeRecovery>5000</minTicksBeforeRecovery>
    <recoveryMtbDays>0.1</recoveryMtbDays>
    <maxTicksBeforeRecovery>8000</maxTicksBeforeRecovery>
    <nameColor>(0.5, 0.9, 0.5)</nameColor>
    <beginLetter>{0} is attempting to start a revolution.\n\n[PAWN_pronoun] will randomly start fires to weaken anti-loyalist resolve.</beginLetter>
    <beginLetterDef>ThreatSmall</beginLetterDef>
    <moodRecoveryThought>Catharsis</moodRecoveryThought>
    <recoveryMessage>{0} is no longer attempting to overthrow the colony.</recoveryMessage>
    <baseInspectLine>Mental state: Revolt</baseInspectLine>
    <recoverFromSleep>true</recoverFromSleep>
    <unspawnedCanDo>true</unspawnedCanDo>
  </MentalStateDef>  
	
    <!-- =============================== Republican =============================== -->

  <MentalBreakDef>
    <defName>EnnuiRepublican</defName>
    <mentalState>Wander_Sad</mentalState>
    <baseCommonality>1</baseCommonality>
    <intensity>Extreme</intensity>
	<requiredTrait>PoliticsRepublican</requiredTrait>
  </MentalBreakDef>
 <MentalStateDef ParentName="BaseMentalState">
    <defName>EnnuiRepublican</defName>
    <stateClass>MentalState_WanderSad</stateClass>
    <label>ennui</label>
    <category>Misc</category>
    <minTicksBeforeRecovery>30000</minTicksBeforeRecovery>
    <recoveryMtbDays>0.3</recoveryMtbDays>
    <maxTicksBeforeRecovery>60000</maxTicksBeforeRecovery>
    <recoverFromSleep>true</recoverFromSleep>
    <moodRecoveryThought>Catharsis</moodRecoveryThought>
    <blockNormalThoughts>true</blockNormalThoughts>
    <nameColor>(0.65, 0.9, 0.93)</nameColor>
    <recoveryMessage>{0} is no longer wandering.</recoveryMessage>
    <beginLetterLabel>delusions of grandeur</beginLetterLabel>
    <beginLetter>{0} has broken down and is wandering around struggling with unfulfilled dreams of an uncorrupted elected representative.</beginLetter>
    <beginLetterDef>NegativeEvent</beginLetterDef>
    <baseInspectLine>Mental state: Ennui</baseInspectLine>
    <allowBeatfire>true</allowBeatfire>
    <unspawnedCanDo>true</unspawnedCanDo>
    <escapingPrisonersIgnore>true</escapingPrisonersIgnore>
  </MentalStateDef>

	<!-- =============================== Democrat =============================== -->

  <MentalBreakDef>
    <defName>EnnuiDemocrat</defName>
    <mentalState>Wander_Sad</mentalState>
    <baseCommonality>1</baseCommonality>
    <intensity>Extreme</intensity>
	<requiredTrait>PoliticsDemocrat</requiredTrait>
  </MentalBreakDef>
 <MentalStateDef ParentName="BaseMentalState">
    <defName>EnnuiDemocrat</defName>
    <stateClass>MentalState_WanderSad</stateClass>
    <label>ennui</label>
    <category>Misc</category>
    <minTicksBeforeRecovery>30000</minTicksBeforeRecovery>
    <recoveryMtbDays>0.3</recoveryMtbDays>
    <maxTicksBeforeRecovery>60000</maxTicksBeforeRecovery>
    <recoverFromSleep>true</recoverFromSleep>
    <moodRecoveryThought>Catharsis</moodRecoveryThought>
    <blockNormalThoughts>true</blockNormalThoughts>
    <nameColor>(0.65, 0.9, 0.93)</nameColor>
    <recoveryMessage>{0} is no longer wandering.</recoveryMessage>
    <beginLetterLabel>delusions of grandeur</beginLetterLabel>
    <beginLetter>{0} has broken down and is wandering around struggling with unfulfilled dreams of an educated electorate.</beginLetter>
    <beginLetterDef>NegativeEvent</beginLetterDef>
    <baseInspectLine>Mental state: Ennui</baseInspectLine>
    <allowBeatfire>true</allowBeatfire>
    <unspawnedCanDo>true</unspawnedCanDo>
    <escapingPrisonersIgnore>true</escapingPrisonersIgnore>
  </MentalStateDef>
  
	<!-- =============================== Anarchist =============================== -->

  <MentalBreakDef>
    <defName>RunWildAnarchist</defName>
    <label>run wild</label>
    <intensity>Extreme</intensity>
    <workerClass>MentalBreakWorker_RunWild</workerClass>
    <baseCommonality>0.5</baseCommonality>
	<requiredTrait>PoliticsAnarchist</requiredTrait>
  </MentalBreakDef>

  <MentalBreakDef>
    <defName>GiveUpExitAnarchist</defName>
    <mentalState>GiveUpExit</mentalState>
    <intensity>Extreme</intensity>
    <baseCommonality>1</baseCommonality>
	<requiredTrait>PoliticsAnarchist</requiredTrait>
  </MentalBreakDef>
  <MentalStateDef ParentName="BaseMentalState">
    <defName>GiveUpExitAnarchist</defName>
    <label>giving up and leaving</label>
    <stateClass>MentalState_GiveUpExit</stateClass>
    <category>Misc</category>
    <prisonersCanDo>false</prisonersCanDo>
    <moodRecoveryThought>Catharsis</moodRecoveryThought>
    <blockNormalThoughts>true</blockNormalThoughts>
    <nameColor>(0.65, 0.9, 0.93)</nameColor>
    <beginLetterLabel>gave up</beginLetterLabel>
    <beginLetter>{0} has had enough oppression.\n\n[PAWN_pronoun] has decided to leave and pursue a freer society elsewhere. You can try to arrest [PAWN_objective] as [PAWN_pronoun] leaves. Otherwise, you may still see [PAWN_objective] again some day.</beginLetter>
    <beginLetterDef>NegativeEvent</beginLetterDef>
    <recoveryMessage>{0} has had a change of heart and is coming back to the colony.</recoveryMessage>
    <baseInspectLine>Mental state: Given up and leaving</baseInspectLine>
    <tale>MentalStateGaveUp</tale>
    <allowBeatfire>true</allowBeatfire>
    <escapingPrisonersIgnore>true</escapingPrisonersIgnore>
  </MentalStateDef>

</Defs>